<letter>
    <fileName>EFCM.PostMail.DemandLetter</fileName>
    <query>
        SELECT 
            CASE_ID,
            ACCOUNT_NO, 
            CUSTOMER_NAME, 
            DUE_AMOUNT, 
            TO_CHAR(DUE_DATE, 'YYYY-MM-DD') AS DUE_DATE,
            REASON 
        FROM DEMAND_LETTERS
    </query>
    <columns>
        <column>CASE_ID</column>
        <column>ACCOUNT_NO</column>
        <column>CUSTOMER_NAME</column>
        <column>DUE_AMOUNT</column>
        <column>DUE_DATE</column>
        <column>REASON</column>
    </columns>
</letter>