<letter>
    <fileName>EFCM.PostMail.HoldLetter</fileName>
    <query>
        SELECT 
            HOLD_ID,
            ACCOUNT_NO, 
            CUSTOMER_NAME, 
            HOLD_REASON, 
            TO_CHAR(HOLD_DATE, 'YYYY-MM-DD') AS HOLD_DATE,
            RELEASE_COND 
        FROM HOLD_LETTERS
    </query>
    <columns>
        <column>HOLD_ID</column>
        <column>ACCOUNT_NO</column>
        <column>CUSTOMER_NAME</column>
        <column>HOLD_REASON</column>
        <column>HOLD_DATE</column>
        <column>RELEASE_COND</column>
    </columns>
</letter>