<letter>
    <fileName>EFCM.PostMail.RelationshipTermLetter</fileName>
    <query>
        SELECT 
            NOTICE_ID,
            ACCOUNT_NO, 
            CUSTOMER_NAME, 
            TERM_REASON, 
            TO_CHAR(EFFECTIVE_DATE, 'YYYY-MM-DD') AS EFFECTIVE_DATE,
            INSTRUCTIONS 
        FROM RELATIONSHIP_TERM_NOTICES

    </query>
    <columns>
        <column>NOTICE_ID</column>
        <column>ACCOUNT_NO</column>
        <column>CUSTOMER_NAME</column>
        <column>TERM_REASON</column>
        <column>EFFECTIVE_DATE</column>
        <column>INSTRUCTIONS</column>
    </columns>
</letter>